Influencer,Day,Type,Photo Description,Ideogram Prompt,Caption,Hashtags,Posting Time,Image Status,Video Status,Posted
Ananya Sharma (@ananya.fits),1,Feed Post,"Ananya performing a yoga pose on a beach at sunrise, with waves in the background.","Ananya Sharma has an oval face shape with warm brown skin and long dark brown hair styled in loose waves. She is posing in a yoga position on the beach, wearing high-waisted leggings and a crop top in warm tones. The sunrise casts a golden hue, creating a serene atmosphere with gentle waves in the background. Photorealistic, shot on Canon EOS R5, 85mm lens, shallow depth of field.",Starting the day with some yoga on the beach. Nothing beats this tranquility! What’s your favorite way to greet the morning? 🌅,#Yoga #MorningRoutine #BeachVibes #FitnessJourney #Wellness #AnanyaFits #HealthyLifestyle #Mindfulness #YogaInspiration #OceanView #FitFam #SelfCare #NatureLover #Sunrise #InstaFitness,09:00 IST,Not Generated,Not Generated,No
Ananya Sharma (@ananya.fits),2,Reel,Ananya showcasing her favorite healthy breakfast recipes in a vibrant kitchen.,"Ananya Sharma has an oval face shape with warm brown skin and long dark brown hair styled in loose waves. She is in a bright kitchen, preparing colorful healthy breakfast bowls with fresh fruits and oats. She wears stylish workout gear in warm tones, smiling and appearing enthusiastic about healthy eating. Photorealistic, shot on Canon EOS R5, 85mm lens, shallow depth of field.",Fueling my day with these delicious breakfast bowls! 🍓🥑 Which one would you like to try? #HealthyEating,#HealthyBreakfast #NutritionTips #Foodie #Wellness #AnanyaFits #BreakfastGoals #HealthyEating #FitInspo #Yummy #FoodPhotography #HealthyLifestyle #FitnessTips #InstaFood #EatClean #FoodLover,11:00 IST,Not Generated,Not Generated,No
Ananya Sharma (@ananya.fits),3,Feed Post,"Ananya lifting weights in a modern gym, showcasing strength and determination.","Ananya Sharma has an oval face shape with warm brown skin and long dark brown hair styled in loose waves. She is in a modern gym, lifting weights while looking determined and strong, wearing high-waisted leggings and a crop top in warm tones. The gym has bright lighting and motivational quotes on the wall. Photorealistic, shot on Canon EOS R5, 85mm lens, shallow depth of field.",Strength doesn't come from what you can do. It comes from overcoming the things you once thought you couldn't. 💪 How do you challenge yourself? ,#StrengthTraining #GymLife #FitnessMotivation #AnanyaFits #Workout #FitFam #Determination #HealthyLifestyle #GymInspo #Mindset #FitnessGoals #StrongWomen #WomenInFitness #Empowerment #WorkoutMotivation,16:00 IST,Not Generated,Not Generated,No
Ananya Sharma (@ananya.fits),4,Carousel,A series of images showing Ananya’s meal prep for the week.,"Ananya Sharma has an oval face shape with warm brown skin and long dark brown hair styled in loose waves. She is in her kitchen, arranging healthy meal prep containers filled with colorful veggies, grains, and proteins. She is wearing stylish workout gear in warm tones, smiling and showcasing her organized meal prep. Photorealistic, shot on Canon EOS R5, 85mm lens, shallow depth of field.",Meal prep made easy! Here are my go-to recipes for the week. Which one are you excited to try? 🍽️✨,#MealPrep #HealthyEating #Nutrition #Wellness #AnanyaFits #HealthyLifestyle #FoodPrep #InstaFood #FitFam #HealthyRecipes #MealIdeas #CookingAtHome #FitnessJourney #HealthyChoices #FoodPhotography,12:00 IST,Not Generated,Not Generated,No
Ananya Sharma (@ananya.fits),5,Reel,Ananya demonstrating a quick at-home workout routine.,"Ananya Sharma has an oval face shape with warm brown skin and long dark brown hair styled in loose waves. She is in a cozy living room, demonstrating a quick at-home workout routine, wearing high-waisted leggings and a crop top in warm tones. The space is bright and inviting, with workout mats and dumbbells scattered around. Photorealistic, shot on Canon EOS R5, 85mm lens, shallow depth of field.",No gym? No problem! Here’s a quick workout you can do at home. Let’s get moving! 🏡💥 What’s your go-to home workout?,#HomeWorkout #Fitness #AnanyaFits #WorkoutAtHome #FitnessInspiration #Fitspo #HealthAndWellness #WorkoutRoutine #NoGymNoProblem #Exercise #GetFit #WellnessJourney #FitFam #Motivation #HealthyLiving,14:00 IST,Not Generated,Not Generated,No
Ananya Sharma (@ananya.fits),6,Story,Ananya sharing a motivational quote with an uplifting background.,"Ananya Sharma has an oval face shape with warm brown skin and long dark brown hair styled in loose waves. She is smiling and holding a sign with a motivational quote against a blurred nature background filled with greenery. Photorealistic, shot on Canon EOS R5, 85mm lens, shallow depth of field.",Today's reminder: Believe in yourself! 🦋 What motivates you?,#Motivation #Inspiration #Wellness #AnanyaFits #PositiveVibes #SelfBelief #DailyInspiration #Mindset #BelieveInYourself #Uplifting #PersonalGrowth #FitnessJourney #InstaQuotes #NatureLover #WellBeing,10:00 IST,Not Generated,Not Generated,No
Ananya Sharma (@ananya.fits),7,Feed Post,"Ananya enjoying a post-workout smoothie outdoors, surrounded by nature.","Ananya Sharma has an oval face shape with warm brown skin and long dark brown hair styled in loose waves. She is outdoors, sitting on a picnic blanket with a smoothie in hand, wearing high-waisted leggings and a crop top in warm tones. There are trees and greenery around, creating a refreshing atmosphere. Photorealistic, shot on Canon EOS R5, 85mm lens, shallow depth of field.",Smoothies are my post-workout ritual! 🌿🥤 What’s your favorite smoothie recipe?,#Smoothie #PostWorkout #Nutrition #HealthyLifestyle #AnanyaFits #FitFam #Wellness #HealthyLiving #Nature #FitnessJourney #DrinkYourGreens #SmoothieBowl #OutdoorVibes #HealthyChoices #Refreshment,15:00 IST,Not Generated,Not Generated,No
Ananya Sharma (@ananya.fits),8,Carousel,Ananya sharing her top five favorite fitness apps.,"Ananya Sharma has an oval face shape with warm brown skin and long dark brown hair styled in loose waves. She is in a cozy workspace, sitting at a desk with her phone and laptop, showcasing her top five fitness apps through a carousel of images. She is wearing stylish workout gear in warm tones, appearing friendly and approachable. Photorealistic, shot on Canon EOS R5, 85mm lens, shallow depth of field.",Here are my top 5 fitness apps that keep me motivated and on track! Which apps do you love? 📱💪,#FitnessApps #WorkoutMotivation #AnanyaFits #HealthyLifestyle #TechInFitness #FitFam #Nutrition #Mindfulness #HealthyJourney #FitnessCommunity #WorkoutRoutine #Productivity #Inspo #Apps #FitLife,13:00 IST,Not Generated,Not Generated,No
Ananya Sharma (@ananya.fits),9,Reel,Ananya leading a fun group workout session at a park.,"Ananya Sharma has an oval face shape with warm brown skin and long dark brown hair styled in loose waves. She is outdoors in a park, leading a group workout session with participants of all fitness levels. She is wearing high-waisted leggings and a crop top in warm tones, smiling and encouraging everyone. The park is sunny and vibrant. Photorealistic, shot on Canon EOS R5, 85mm lens, shallow depth of field.",Group workouts are the best way to stay motivated! Join me next time! 💖 What do you enjoy most about working out with others?,#GroupWorkout #FitnessCommunity #AnanyaFits #Motivation #WorkoutTogether #FitFam #Inspiration #HealthyLifestyle #Exercise #OutdoorWorkout #TeamSpirit #WellnessJourney #FitnessGoals #Community #FunFitness,17:00 IST,Generated,Not Generated,No
Ananya Sharma (@ananya.fits),10,Story,Ananya sharing her top tips for staying hydrated.,"Ananya Sharma has an oval face shape with warm brown skin and long dark brown hair styled in loose waves. She is smiling and holding a glass of water with lemon against a bright kitchen background. Photorealistic, shot on Canon EOS R5, 85mm lens, shallow depth of field.","Stay hydrated, friends! 💧 What’s your favorite way to add flavor to your water?",#Hydration #HealthyLiving #Wellness #AnanyaFits #WaterTips #Nutrition #HealthyChoices #FitnessJourney #WellBeing #StayHydrated #HealthyLifestyle #InstaHealth #DrinkMoreWater #Wellness #HealthTips,10:30 IST,Not Generated,Not Generated,No
Ananya Sharma (@ananya.fits),11,Feed Post,"Ananya taking a leisurely walk in a park, enjoying nature.","Ananya Sharma has an oval face shape with warm brown skin and long dark brown hair styled in loose waves. She is walking in a park, looking relaxed and enjoying nature, wearing comfortable workout gear in warm tones. The park is lush and green with sunlight filtering through the trees. Photorealistic, shot on Canon EOS R5, 85mm lens, shallow depth of field.",A little stroll in nature can do wonders for your mind! 🌳✨ What’s your favorite way to unwind?,#NatureWalk #MentalWellness #AnanyaFits #SelfCare #HealthyLifestyle #OutdoorActivities #FitnessJourney #Mindfulness #Wellbeing #NatureLover #FitnessInspiration #WalkWithMe #HealthyLiving #Peace #Relaxation,15:30 IST,Not Generated,Not Generated,No
Ananya Sharma (@ananya.fits),12,Reel,Ananya demonstrating a quick meditation routine.,"Ananya Sharma has an oval face shape with warm brown skin and long dark brown hair styled in loose waves. She is seated in a peaceful corner of her home, demonstrating a quick meditation routine, wearing comfortable clothing in warm tones. The space is serene, with candles and soft lighting creating a calming effect. Photorealistic, shot on Canon EOS R5, 85mm lens, shallow depth of field.",Taking a moment for mindfulness can change your whole day! 🌼 How do you incorporate meditation into your routine?,#Meditation #Mindfulness #MentalWellness #AnanyaFits #WellnessJourney #Calm #HealthyLifestyle #SelfCare #MeditationPractice #InnerPeace #Fitness #MindBody #WellBeing #HealthyLiving #StressRelief,09:45 IST,Not Generated,Not Generated,No
Ananya Sharma (@ananya.fits),13,Feed Post,Ananya posing confidently on a workout mat with a quote overlay about strength.,"Ananya Sharma has an oval face shape with warm brown skin and long dark brown hair styled in loose waves. She is standing on a workout mat, posing confidently, wearing high-waisted leggings and a crop top in warm tones. The background is softly blurred, with a motivational quote about strength overlaid. Photorealistic, shot on Canon EOS R5, 85mm lens, shallow depth of field.",Strength is not just physical; it’s mental and emotional too! 💖 What does strength mean to you?,#Strength #FitnessJourney #AnanyaFits #Motivation #Inspiration #Wellness #MentalHealth #Empowerment #HealthyLifestyle #FitFam #Mindset #PersonalGrowth #StrongWomen #FitnessInspo #Resilience,14:30 IST,Not Generated,Not Generated,No
Ananya Sharma (@ananya.fits),14,Carousel,A series of before and after photos showcasing Ananya's fitness journey.,"Ananya Sharma has an oval face shape with warm brown skin and long dark brown hair styled in loose waves. She is sharing a carousel of before and after photos of her fitness journey, wearing workout gear in warm tones and smiling confidently. The images are set in various workout environments, showing growth and progress. Photorealistic, shot on Canon EOS R5, 85mm lens, shallow depth of field.","Every journey has its ups and downs! Here’s a glimpse of mine. Remember, progress takes time and patience. What has your journey looked like? 🥰",#TransformationTuesday #FitnessJourney #AnanyaFits #BeforeAndAfter #Progress #Motivation #FitFam #Wellness #HealthyLifestyle #Inspiration #Workout #SelfLove #FitnessGoals #PersonalGrowth #FitnessInspiration,12:30 IST,Not Generated,Not Generated,No
Ananya Sharma (@ananya.fits),15,Reel,Ananya leading a fun dance workout class outdoors.,"Ananya Sharma has an oval face shape with warm brown skin and long dark brown hair styled in loose waves. She is outside leading a lively dance workout class, wearing high-waisted leggings and a crop top in warm tones. The setting is bright and cheerful, with participants dancing and enjoying the moment. Photorealistic, shot on Canon EOS R5, 85mm lens, shallow depth of field.",Let’s dance our way to fitness! 🎉 What’s your favorite song to workout to?,#DanceWorkout #FitnessFun #AnanyaFits #Wellness #FitFam #HealthyLifestyle #OutdoorWorkout #Dance #FitnessJourney #WorkoutMusic #Motivation #HealthyLiving #Community #FitnessGoals #Inspiration,17:30 IST,Not Generated,Not Generated,No
Ananya Sharma (@ananya.fits),16,Feed Post,"Ananya doing a yoga pose in a sunlit park, surrounded by green trees.","Ananya Sharma has an oval face shape with warm brown skin and long dark brown hair styled in loose waves. She is in a serene yoga pose, wearing stylish high-waisted leggings and a crop top in warm tones, in a sunlit park surrounded by green trees. Photorealistic, shot on Canon EOS R5, 85mm lens, shallow depth of field.",Taking a moment to breathe and connect with nature. 🌳 How do you find your peace? Comment below! 💬,#YogaPractice #WellnessJourney #NatureLover #Mindfulness #FitnessInspiration #HealthyLifestyle #YogaEveryday #AnanyaFits #PeacefulMind #FitFam #WellnessWarrior #InstaFitness #YogaInNature #HealthyMind #FitnessGoals,10:00 AM IST,Not Generated,Not Generated,No
Ananya Sharma (@ananya.fits),17,Reel,Quick workout routine showcasing strength exercises with upbeat music.,"Ananya Sharma has an oval face shape with warm brown skin and long dark brown hair styled in loose waves. She is demonstrating strength exercises in a bright gym, wearing stylish high-waisted leggings and a crop top in warm tones. The scene is energetic and vibrant. Photorealistic, shot on Canon EOS R5, 85mm lens, shallow depth of field.",Let's crush those strength goals together! 💪🔥 What’s your favorite strength exercise? Let me know! 👇,#StrengthTraining #WorkoutMotivation #Fitspiration #AnanyaFits #GymLife #FitnessChallenge #StrongIsBeautiful #HealthyBody #FitnessJourney #FitnessCommunity #WorkoutReels #GetStrong #Empowerment #FitnessGoals #HealthyHabits,6:00 PM IST,Not Generated,Not Generated,No
Ananya Sharma (@ananya.fits),18,Carousel,"Step-by-step guide to a nutritious smoothie bowl, featuring vibrant ingredients.","Ananya Sharma has an oval face shape with warm brown skin and long dark brown hair styled in loose waves. She is preparing a colorful smoothie bowl in a bright kitchen, wearing stylish high-waisted leggings and a crop top in warm tones. The ingredients are vibrant and appealing. Photorealistic, shot on Canon EOS R5, 85mm lens, shallow depth of field.",Fuel your day with this delicious smoothie bowl! 🥭🍓 Swipe to see the recipe! What’s your go-to breakfast? 🌞,#SmoothieBowl #NutritionTips #HealthyEats #BreakfastInspiration #AnanyaFits #Foodie #HealthyRecipes #WellnessJourney #NutritionGoals #FitnessFood #CleanEating #HealthyLifestyle #EatWell #WellnessWarrior #HealthyChoices,11:00 AM IST,Not Generated,Not Generated,No
Ananya Sharma (@ananya.fits),19,Story,Ananya sharing her favorite mental wellness tips through engaging visuals.,"Ananya Sharma has an oval face shape with warm brown skin and long dark brown hair styled in loose waves. She is in a cozy home setting, casually dressed, sharing mental wellness tips on her phone screen. The lighting is warm and inviting. Photorealistic, shot on Canon EOS R5, 85mm lens, shallow depth of field.",Mental wellness is just as important as physical health! 🧘‍♀️ How do you prioritize your mental health? Let's share ideas!,#MentalWellness #SelfCare #Mindfulness #AnanyaFits #MentalHealthMatters #Wellbeing #HealthyMind #PositiveVibes #Inspiration #WellnessTips #SelfLove #CommunitySupport #MentalHealthAwareness,5:00 PM IST,Not Generated,Not Generated,No
Ananya Sharma (@ananya.fits),20,Feed Post,"Ananya showing a progression of a workout, with before and after photos.","Ananya Sharma has an oval face shape with warm brown skin and long dark brown hair styled in loose waves. She is showcasing a workout progression in a bright gym, wearing stylish high-waisted leggings and a crop top in warm tones. The images highlight her athletic body and focus on determination. Photorealistic, shot on Canon EOS R5, 85mm lens, shallow depth of field.","Progress takes time, but it’s always worth it! 💪✨ What progress are you most proud of? Share with me! 👇",#ProgressNotPerfection #FitnessJourney #WorkoutMotivation #AnanyaFits #FitLife #Inspiration #HealthyLifestyle #GoalSetting #Athlete #PersonalGrowth #FitnessGoals #MotivationMonday #Empowerment,8:00 AM IST,Not Generated,Not Generated,No
Ananya Sharma (@ananya.fits),21,Carousel,"Different ways to stay active during the day, from walking to quick workouts.","Ananya Sharma has an oval face shape with warm brown skin and long dark brown hair styled in loose waves. She is showcasing various ways to stay active at home and outdoors, wearing stylish high-waisted leggings and a crop top in warm tones. The visuals are bright and inspiring. Photorealistic, shot on Canon EOS R5, 85mm lens, shallow depth of field.",Staying active can be fun! 🏃‍♀️💖 Swipe for ideas on how to keep moving throughout your day! How do you stay active? 💬,#StayActive #FitnessTips #HealthyLiving #AnanyaFits #WellnessJourney #ActiveLifestyle #GetMoving #FitnessInspiration #ExerciseIdeas #HealthyHabits #FitnessGoals #FitFam #WorkLifeBalance,2:00 PM IST,Not Generated,Not Generated,No
Ananya Sharma (@ananya.fits),22,Reel,Ananya demonstrating a high-energy dance workout routine.,"Ananya Sharma has an oval face shape with warm brown skin and long dark brown hair styled in loose waves. She is dancing energetically in a colorful studio, wearing stylish high-waisted leggings and a crop top in warm tones. The scene is vibrant and joyful. Photorealistic, shot on Canon EOS R5, 85mm lens, shallow depth of field.",Dance like nobody's watching! 🎶💃 Who's ready to join me for a fun workout? Tag a friend! 👯‍♀️,#DanceWorkout #FitnessFun #AnanyaFits #WorkoutChallenge #StayActive #FitnessCommunity #Fitspiration #HealthyLifestyle #DanceItOut #JoyfulExercise #GetFit #HealthyMind #FitnessGoals #Empowerment,3:00 PM IST,Not Generated,Not Generated,No
Ananya Sharma (@ananya.fits),23,Feed Post,"Ananya enjoying a healthy lunch outdoors, surrounded by nature.","Ananya Sharma has an oval face shape with warm brown skin and long dark brown hair styled in loose waves. She is joyfully enjoying a colorful healthy lunch outdoors, wearing stylish high-waisted leggings and a crop top in warm tones, with a natural backdrop of trees. Photorealistic, shot on Canon EOS R5, 85mm lens, shallow depth of field.",Eating healthy doesn't have to be boring! 🥗🍉 What’s your favorite healthy meal? Let's swap recipes! 💬,#HealthyEating #NutritionTips #AnanyaFits #WellnessJourney #FoodInspiration #EatWellLiveWell #HealthyChoices #FitLife #WellnessWarrior #HealthyLifestyle #NutritionGoals #Foodie #InstaFood #HealthyRecipes,12:00 PM IST,Not Generated,Not Generated,No
Ananya Sharma (@ananya.fits),24,Reel,Ananya performing stretches and cool-down exercises after a workout.,"Ananya Sharma has an oval face shape with warm brown skin and long dark brown hair styled in loose waves. She is demonstrating cool-down stretches in a calming environment, wearing stylish high-waisted leggings and a crop top in warm tones. The atmosphere is peaceful and relaxed. Photorealistic, shot on Canon EOS R5, 85mm lens, shallow depth of field.",Don't skip the cool down! 🌟 Stretching is key to recovery. What’s your favorite way to unwind after a workout? 🤔,#CoolDown #Stretching #FitnessRecovery #AnanyaFits #SelfCare #WellnessJourney #FitnessTips #HealthyLifestyle #FitFam #WorkoutRoutine #FitnessGoals #MuscleRecovery #HealthyHabits,7:00 PM IST,Not Generated,Not Generated,No
Ananya Sharma (@ananya.fits),25,Feed Post,"Ananya highlighting a community challenge with her followers, smiling and posing.","Ananya Sharma has an oval face shape with warm brown skin and long dark brown hair styled in loose waves. She is smiling and posing in a vibrant outdoor setting, promoting a community challenge, wearing stylish high-waisted leggings and a crop top in warm tones. Photorealistic, shot on Canon EOS R5, 85mm lens, shallow depth of field.",Join me for our next community challenge! 💪✨ Let's hold each other accountable. Are you in? Tag a friend to join! 👇,#CommunityChallenge #FitnessJourney #AnanyaFits #FitFam #ChallengeAccepted #HealthyLifestyle #WellnessWarrior #FitnessCommunity #TogetherWeCan #GoalSetting #Motivation #Inspiration,9:00 AM IST,Not Generated,Not Generated,No
Ananya Sharma (@ananya.fits),26,Carousel,A collection of different workout gear styles.,"Ananya Sharma has an oval face shape with warm brown skin and long dark brown hair styled in loose waves. She is showcasing various stylish workout gear in a bright store, wearing high-waisted leggings and a crop top in warm tones. The setting is bright and fashionable. Photorealistic, shot on Canon EOS R5, 85mm lens, shallow depth of field.",Find your style while staying fit! 💖 Swipe to see some of my favorite workout gear! What do you love to wear while working out? 🛍️,#WorkoutGear #FitnessFashion #AnanyaFits #FitnessInspiration #HealthyLifestyle #Activewear #FitStyle #FashionInFitness #FitFam #FitnessGoals #Inspo #HealthyChoices #WellnessJourney #Fashion,1:00 PM IST,Not Generated,Not Generated,No
Ananya Sharma (@ananya.fits),27,Story,Ananya engaging with her followers through a Q&A session.,"Ananya Sharma has an oval face shape with warm brown skin and long dark brown hair styled in loose waves. She is in a cozy home setting, smiling and engaging during a Q&A session on her phone. The lighting is warm and inviting. Photorealistic, shot on Canon EOS R5, 85mm lens, shallow depth of field.",Q&A Time! 🤗 Ask me anything about fitness and wellness! I'm here to help you! 💬,#QandA #FitnessQuestions #AnanyaFits #WellnessJourney #CommunityEngagement #FitnessSupport #HealthyLifestyle,4:00 PM IST,Not Generated,Not Generated,No
Ananya Sharma (@ananya.fits),28,Reel,"Ananya preparing a healthy meal, showcasing colorful ingredients.","Ananya Sharma has an oval face shape with warm brown skin and long dark brown hair styled in loose waves. She is joyfully preparing a healthy meal in a bright kitchen, wearing stylish high-waisted leggings and a crop top in warm tones, with vibrant ingredients around her. Photorealistic, shot on Canon EOS R5, 85mm lens, shallow depth of field.",Cooking can be fun and healthy! 🍽️✨ What’s your favorite healthy recipe? Share below! 👇,#HealthyCooking #NutritionTips #AnanyaFits #HealthyLifestyle #FoodInspiration #CookingAtHome #HealthyRecipes #WellnessJourney #FitFam #EatWell #InstaFood #Foodie #HealthyChoices,10:00 AM IST,Not Generated,Not Generated,No
Ananya Sharma (@ananya.fits),29,Feed Post,Ananya celebrating small victories with a joyful expression.,"Ananya Sharma has an oval face shape with warm brown skin and long dark brown hair styled in loose waves. She is celebrating small victories in a lively outdoor setting, wearing stylish high-waisted leggings and a crop top in warm tones. The atmosphere is joyful and vibrant. Photorealistic, shot on Canon EOS R5, 85mm lens, shallow depth of field.","Every small victory counts! 🎉 Celebrate your progress, no matter how small! What victory are you celebrating today? 🎊",#CelebrateSuccess #SmallVictories #AnanyaFits #FitnessJourney #WellnessWarrior #FitFam #Motivation #Inspiration #HealthyLifestyle #GoalSetting #PositiveMindset #WellnessJourney,8:30 AM IST,Not Generated,Not Generated,No
Ananya Sharma (@ananya.fits),30,Feed Post,Ananya reflecting on her month of fitness and wellness with a grateful smile.,"Ananya Sharma has an oval face shape with warm brown skin and long dark brown hair styled in loose waves. She is reflecting on her month of fitness and wellness in a tranquil outdoor setting, wearing stylish high-waisted leggings and a crop top in warm tones. The lighting is soft and introspective. Photorealistic, shot on Canon EOS R5, 85mm lens, shallow depth of field.","As this month comes to an end, I'm grateful for every step taken. 🌟 What was your highlight this month? Let's reflect! 💖",#MonthlyReflection #Gratitude #AnanyaFits #WellnessJourney #FitnessGoals #Inspiration #HealthyLifestyle #FitFam #PersonalGrowth #PositiveMindset #YogaInspiration #WellnessWarrior,10:00 AM IST,Not Generated,Not Generated,No